https://desigourmet.es/collections/all/products/polvo-de-hojas-de-neem-margosa-arbol-azadirachta-indica-shikakai-powder-churna-100g	Acacia en Polvo | Shikakai Powder (Churna) 100g SHP	2.90
https://desigourmet.es/collections/all/products/acacia-entero-seca-dry-whole-shikakai-100g	Acacia Entero Seca | Dry Whole Shikakai 100g	3.90
https://desigourmet.es/collections/all/products/acacia-shikakai-whole-100g	Acacia Entero Seca | Dry Whole Shikakai 50g	1.99
https://desigourmet.es/collections/all/products/aceite-aromatico-ambar-sandal-fragrance-oil-10ml	Aceite aromático Ambar | Ambar Fragrance Oil 10ml	1.90
https://desigourmet.es/collections/all/products/aceite-aromatico-salvia-blanca-black-poium-fragrance-oil-10ml	Aceite aromático Opio Negro | Black Opium Fragrance Oil 10ml	1.90
https://desigourmet.es/collections/all/products/aceite-aromatico-pachuli-pachuli-fragrance-oil-10ml	Aceite aromático Pachuli | Pachuli Fragrance Oil 10ml Satya	1.90
https://desigourmet.es/collections/all/products/aceite-aromatico-pachuli-pachuli-fragrance-oil-10ml-1	Aceite aromático Patchouli | Patchouli Fragrance Oil 10ml Garden Fresh	1.90
https://desigourmet.es/collections/all/products/aceite-aromatico-rosa-rose-fragrance-oil-10ml-sai-champa	Aceite aromático Rosa | Rose Fragrance Oil 10ml Sai Champa	1.90
https://desigourmet.es/collections/all/products/aceite-aromatico-vanilla-vanilla-fragrance-oil-10ml	Aceite aromático Vainilla | Vanilla Fragrance Oil 10ml	1.90
https://desigourmet.es/collections/all/products/aceite-de-avocado-avocado-oil-250ml-niharti	Aceite de Aguacate | Avocado Oil 250ml Niharti	6.90
https://desigourmet.es/collections/all/products/vatika-garlic-hair-oil-vatika-aciete-de-ajos	Aceite de Ajo | Garlic Hair Oil 200ml Vatika	5.50
https://desigourmet.es/collections/all/products/aceite-de-almendras-almond-oil-100ml-top-op	Aceite de Almendras | Almond Oil 100ml Niharti	4.90
https://desigourmet.es/collections/all/products/aceite-de-almendras-almond-oil-190ml-bajaj	Aceite de Almendras | Almond Oil 190ml Bajaj	5.90
https://desigourmet.es/collections/all/products/aceite-de-almendras-almond-oil-250ml-top-op	Aceite de Almendras | Almond Oil 250ml Niharti	6.90
https://desigourmet.es/collections/all/products/aceite-de-almendras-almond-oil-500ml-niharti	Aceite de Almendras | Almond Oil 500ml Niharti	9.90
https://desigourmet.es/collections/all/products/aceite-de-amla-amla-hair-oil-dabur-300ml	Aceite de Amla | Amla Hair Oil 300ml Dabur	7.25
https://desigourmet.es/collections/all/products/dabur-vatika-argan-hair-oil-aciete-de-argan	Aceite de Argan |  Argan Hair Oil 200ml Vatika	5.90
https://desigourmet.es/collections/all/products/aceite-de-cactus-7-en-1-7-in-1-hair-oil-cactus-200ml-emami	Aceite de Cactus 7 en 1 | 7 in 1  Cactus oil for stronger hair 200ml Emami	6.90
https://desigourmet.es/collections/all/products/aceite-de-clavo-clove-oil-ashwin-100ml	Aceite de Clavo | Clove Oil 20ml Ashwin	2.90
https://desigourmet.es/collections/all/products/aceite-de-coco-100-puro-coconut-oil-100-pure-parachute-250ml	Aceite de Coco 100% Puro | Coconut Oil 100% Pure 	3.99
https://desigourmet.es/collections/all/products/parachute-100-pure-coconut-oil	Aceite de Coco 100% Puro | Coconut Oil 100% Pure 500ml 	6.90
https://desigourmet.es/collections/all/products/aceite-de-coco	Aceite de Coco 100% Puro | Coconut Oil 100% Pure 500ml KTC	5.90
https://desigourmet.es/collections/all/products/aceite-de-coco-coconut-oil-multivitamin-haird-oil-200ml-vatika	Aceite de Coco | Coconut Oil Multivitamin + Haird Oil for volume & thickness 200ml Vatika	5.90
https://desigourmet.es/collections/all/products/aceite-de-linaza-o-asli-alsi-oil-ashwin-200ml	Aceite de Linaza | Linseed Oil | Alsi Oil 100ml Ashwin	2.90
https://desigourmet.es/collections/all/products/aceite-de-manteca-de-karite-7-en-1-7-in-one-shea-buttter-oils-emami-200ml-emami	Aceite de manteca de Karité 7 en 1 | 7 in 1 Shea Butter oil for dry and brittle hair 200ml Emami	6.90
https://desigourmet.es/collections/all/products/aceite-de-mostaza-para-cocinar-ktc-musterd-oil-for-cooking	Aceite De Mostaza Para Cocinar | Mustard Oil For cooking 4Ltr. KTC	19.90
https://desigourmet.es/collections/all/products/aceite-de-mostaza-mustard-oil-1ltr-dabur	Aceite De Mostaza | Mustard Oil 1Ltr. Dabur	8.50
https://desigourmet.es/collections/all/products/aceite-de-mostaza-dabur-musterd-oil-for-external-use-only-500ml	Aceite De Mostaza | Mustard Oil 500ml Dabur	5.50
https://desigourmet.es/collections/all/products/aceite-de-nigella-neem-ashwin-200ml	Aceite de Neem | Neem Oil 100ml Ashwin	3.25
https://desigourmet.es/collections/all/products/copy-of-aceite-de-ricino-castor-oil-ashwin-200ml	Aceite de Ricino | Castor Oil 200ml Ashwin	5.90
https://desigourmet.es/collections/all/products/aceite-de-semilla-negra-7-en-1-7-in-1-black-seed-hair-oil-200ml-emami	Aceite de Semilla negra 7 en 1 | 7 in 1  Black Seed hair oil for damage control 200ml Emami	6.90
https://desigourmet.es/collections/all/products/aceite-de-semilla-virgen-nigella-negra-virgin-black-seeds-oil-100-pure-kalonji-oil-100ml-niharti	Aceite de Semilla Virgen (nigella) Negra | Virgin Black Seeds Oil | 100% Pure Kalonji Oil 100ml Niharti	6.90
https://desigourmet.es/collections/all/products/aceite-de-sesamo-sesame-oil-1ltr-gold-winner-cardia-advanced	Aceite de Sesamo | Sesame (Gingelly ) oil 1Ltr. Gold Winner (Cardia Advanced)	11.50
https://desigourmet.es/collections/all/products/aceite-de-sesamo-sesame-oil-1	Aceite de Sésamo | Sesame (Gingelly ) oil 500ml Dabur	5.90
https://desigourmet.es/collections/all/products/aceite-de-sesamo-sesame-oil-idhayam-500ml	Aceite de Sesamo | Sesame oil 500ml Idhayam	4.99
https://desigourmet.es/collections/all/products/copy-of-copper-steel-kadhai-for-2-portion	Acero martillado puro-Cobre Kadhai | Pure Hammered Steel-Copper Kadhai for 2 Portion	20.00
https://desigourmet.es/collections/all/products/trs-acido-citrico-trs-citric-acid-100gm	Acido Citrico | Citric Acid 100g TRS	2.50
https://desigourmet.es/collections/all/products/mukut-for-god-pooja	Adorno para la cabeza  | Designer Crown for god | Designer Mukut for pooja (small size)	1.00
https://desigourmet.es/collections/all/products/agua-de-kewra-kewra-water	Agua de Kewra |  Kewra Water 190ml TRS	2.50
https://desigourmet.es/collections/all/products/agua-de-rosas-rose-water-120ml-dabur	Agua de Rosas | Rose Water 120ml Dabur	2.25
https://desigourmet.es/collections/all/products/agua-de-rosas-rose-water	Agua de Rosas | Rose Water 190ml TRS	2.50
https://desigourmet.es/collections/all/products/agua-sagrada-para-energia-positiva-ceremonia-religiosa-pure-ganga-jal	Agua Sagrada para Pooja | Holy Water | Pure Gangajal for all Religious Ceremony 100ml	2.90
https://desigourmet.es/collections/all/products/basil-tulsi-leaves-powder-100g-top-op	Albahaca Seca de india | Dried Basil | Dried Tulsi leaves 100g Top op	2.90
https://desigourmet.es/collections/all/products/almendras-almonds-100g-schani	Almendras | Almonds 100g Schani	2.50
https://desigourmet.es/collections/all/products/amla-en-almibar-de-azucar-amla-in-sugar-syrup-amla-murabba-500g-top-op	Amla en almíbar de azúcar  | Amla in Sugar Syrup | Amla Murabba 500g Top op	5.90
https://desigourmet.es/collections/all/products/amla-en-polvo-amla-powder-100g-heera	Amla en Polvo | Indian gooseberry | Amla Powder 100g Heera	2.50
https://desigourmet.es/collections/all/products/amla-seca-dry-amla-100g	Amla Seca | Indian gooseberry | Dry Amla 100g	3.90
https://desigourmet.es/collections/all/products/amla-seca-dry-amla-50g-heera	Amla Seca | Indian gooseberry | Dry Amla 100g Heera	3.50
https://desigourmet.es/collections/all/products/amla-seca-dry-amla	Amla Seca | Indian gooseberry | Dry Amla 50g	1.99
https://desigourmet.es/collections/all/products/amla-slices-indian-gooseberry-vadilal-312g	Amla | Amla Slices (Indian Gooseberry) 312g Vadilal	3.50
https://desigourmet.es/collections/all/products/trs-anacardos-crudos-cashew-nuts	Anacardos Crudos | Cashew Nuts 100g TRS	2.75
https://desigourmet.es/collections/all/products/gel-ayurvedico-espalda	Analgesico ayurvedico Moov  | Rapid Relief Ointment Moov 10g	2.50
https://desigourmet.es/collections/all/products/analgesico-ayurvedico-moov-rapid-relief-ointment-moov-30g	Analgesico ayurvedico Moov  | Rapid Relief Ointment Moov 30g	5.50
https://desigourmet.es/collections/all/products/anis-estrellado	Anis Estrellado | Star Aniseed 100g Natco	5.90
https://desigourmet.es/collections/all/products/anis-estrellado-star-aniseed-40g-ap	Anis Estrellado | Star Aniseed 40g AP	2.50
https://desigourmet.es/collections/all/products/all-in-one	Aperitivos All in one | All in one 200g Haldiram	2.25
https://desigourmet.es/collections/all/products/aloo-bhujia	Aperitivos Aloo Bhujia  | Aloo Bhujia 200g Haldiram	2.50
https://desigourmet.es/collections/all/products/bhel-puri	Aperitivos Bhel Puri para ensalada | Bhel Puri 200g Haldiram	2.25
https://desigourmet.es/collections/all/products/plain-bhujiya	Aperitivos Bhujia Plain | Plain Bhujia 200g Haldiram	2.25
https://desigourmet.es/collections/all/products/bhujia	Aperitivos Bhujia | Bhujia 200g Haldiram	2.25
https://desigourmet.es/collections/all/products/boondi-masala	Aperitivos Boondi  para Raita | Boondi Masala for raita 200g Haldiram	2.25
https://desigourmet.es/collections/all/products/boondi	Aperitivos Boondi para Raita  | Boondi plain for raita 200g Haldiram	2.25
https://desigourmet.es/collections/all/products/aperitivos-cacahuetes-haldiram-nut-cracker-150g	Aperitivos Cacahuetes | Nut Cracker 200g Haldiram	1.99
https://desigourmet.es/collections/all/products/aperitivos-haldiram-chai-puri	Aperitivos Chai Puri Galletitas | Chai Puri 200g Haldiram	1.99
https://desigourmet.es/collections/all/products/aperitivos-chana-cracker-garbanzos-crujiente-chana-cracker-200g-bikaji	Aperitivos Chana Cracker Garbanzos Crujiente | Chana Cracker 200g Bikaji	2.25
https://desigourmet.es/collections/all/products/chana-dal	Aperitivos Chana dal Garbanzos | Chana dal 200g Haldiram	1.99
https://desigourmet.es/collections/all/products/aperitivos-chanachur-garbanzos-negros-chanachur-200g-haldiram	Aperitivos Chanachur | Chanachur 200g Haldiram	2.25
https://desigourmet.es/collections/all/products/aperitivos-bikaji-cornflakes-mix-mastkin-200g	Aperitivos Cornflakes Mix Mastkin | Cornflakes Mix Mastkin 200g Bikaji	1.99
https://desigourmet.es/collections/all/products/dal-biji	Aperitivos Dal Biji | Dal Biji 200g Haldiram	2.50
https://desigourmet.es/collections/all/products/aperitivos-fideos-de-garbanzos-picantes-ratlami-sev-spicy-chickpea-noodles	Aperitivos De Ratlami Sev | Ratlami Sev 150g Haldiram	2.25
https://desigourmet.es/collections/all/products/aperitivos-falhari-mix-falhari-mix-200g-bikaji	Aperitivos Falhari mix | Falhari mix 200g Bikaji	1.99
https://desigourmet.es/collections/all/products/ghatia	Aperitivos Gathiya | Gathiya 200g Haldiram	2.25
https://desigourmet.es/collections/all/products/gujrati-mix	Aperitivos Gujrati Mixture | Gujrati Mixture 200g Haldiram	2.25
https://desigourmet.es/collections/all/products/khakhra-khakhra-plain-200g-bikaji	Aperitivos Khakhra | Khakhra Plain 200g Bikaji	3.50
https://desigourmet.es/collections/all/products/khata-mitha	Aperitivos Khatta Meetha | Khatta Meetha 200g Haldiram	2.50
https://desigourmet.es/collections/all/products/aperitivos-kurkure-chilli-chatka-90g	Aperitivos Kurkure Chilli Chatka | Kurkure Chilli Chatka 90g	1.75
https://desigourmet.es/collections/all/products/aperitivos-kurkure-masala-munch-90g	Aperitivos Kurkure Masala Munch | Kurkure Masala Munch 90g	1.75
https://desigourmet.es/collections/all/products/aperitivos-kurkure-naughty-tomato-kurkure-naughty-tomato-90g	Aperitivos Kurkure Naughty Tomato | Kurkure Naughty Tomato 90g	1.50
https://desigourmet.es/collections/all/products/long-sev	Aperitivos Long Sev | Long Sev 200g Haldiram	2.25
https://desigourmet.es/collections/all/products/aperitivos-malai-sev-malai-sev-340g-haldiram	Aperitivos Malai Sev  | Malai Sev 340g Haldiram	3.99
https://desigourmet.es/collections/all/products/aperitivos-marwari-bhujia-marwari-bhujia-200g-haldiram	Aperitivos Marwari Bhujia | Marwari Bhujia 150g Haldiram	2.50
https://desigourmet.es/collections/all/products/mathri	Aperitivos Mathri | Mathri 200g Haldiram	2.25
https://desigourmet.es/collections/all/products/methi-sev	Aperitivos Methi Sev (Fenogreco) | Methi Sev 200g Haldiram	1.99
https://desigourmet.es/collections/all/products/moong-dal-masala	Aperitivos Moong dal Masala | Moong dal masala 200g Haldiram	1.99
https://desigourmet.es/collections/all/products/moong-dal-plain	Aperitivos Moong dal | Moong dal plain 200g Haldiram	1.99
https://desigourmet.es/collections/all/products/aperitivos-murukku-crujientes-de-harina-de-arroz-haldiram-murukku-crunchy-rice-flour-sticks-200g	Aperitivos Murukku | Murukku (Crunchy rice flour sticks) 200g Haldiram	2.50
https://desigourmet.es/collections/all/products/copy-of-aperitivos-navratan-mix-navratan-mix	Aperitivos Navratan Mix | Navratan Mix 200g Haldiram	2.25
https://desigourmet.es/collections/all/products/nimbu-masala	Aperitivos Nimbu masala | Nimbu masala 200g Haldiram	2.50
https://desigourmet.es/collections/all/products/aperitivos-para-freir-far-far-far-far-100g-kings	Aperitivos para freir FAR FAR | FAR FAR 100g Kings	1.99
https://desigourmet.es/collections/all/products/aperitivos-para-freir-far-far-far-far-potato-hoops-250g-top-op	Aperitivos para freir FAR FAR | FAR FAR Potato Hoops 250g Top op	3.50
https://desigourmet.es/collections/all/products/aperitivos-para-freir-far-far-far-far-tapioca-sabudana-250g-top-op	Aperitivos para freir FAR FAR | FAR FAR Tapioca (Sabudana) 250g Top op	3.25
https://desigourmet.es/collections/all/products/aperitivos-patatas-fritas-sabor-limon-chile-potato-chips-magic-masala-flavour-52g-lays	Aperitivos Patatas Fritas Sabor Magic Masala | Potato Chips Magic Masala Flavour, 52g Lays	1.50
https://desigourmet.es/collections/all/products/aperitivos-uncle-chips-spicy-treat-55g	Aperitivos patatas fritas | Uncle Chips Spicy Treat 30g + (35% extra)	1.50
https://desigourmet.es/collections/all/products/haldiram-panjabi-tadka	Aperitivos Punjabi Tadka | Punjabi Tadka 200g Haldiram	2.25
https://desigourmet.es/collections/all/products/aperitivos-sabji-pakora-sabji-pakora-200g-haldiram	Aperitivos Sabji Pakora | Sabji Pakora 150g Haldiram	2.25
https://desigourmet.es/collections/all/products/aperitivos-bikaji-samosa-bikaji-samosa-200g	Aperitivos Samosa | Samosa 200g Bikaji	1.90
https://desigourmet.es/collections/all/products/samosa	Aperitivos Samosa | Samosa 200g Haldiram	2.25
https://desigourmet.es/collections/all/products/shahi-mixture	Aperitivos Shahi mixture | Shahi mixture 200g Haldiram	3.50
https://desigourmet.es/collections/all/products/arcilla-tierra-de-fuller-fullers-earth-multani-mitti	Arcilla Tierra De Fuller (Tierra de batán) | Fuller's earth | Multani Mitti 100g Hesh	2.50
https://desigourmet.es/collections/all/products/copy-of-arroz-basmati-largo-basmati-rice-5kg-extra-long-daawat	Arroz  Basmati Largo | Basmati Rice 1kg Extra Long 	4.25
https://desigourmet.es/collections/all/products/copy-of-arroz-basmati-daawat-daawat-original-basmati-long-rice-1	Arroz  Basmati Largo | Basmati Rice 5kg Extra Long 	16.99
https://desigourmet.es/collections/all/products/arroz-basmati-lal-quilla-basmati-extra-long-majestic-rice-5kg-lal-quilla	Arroz Basmati  	16.99
https://desigourmet.es/collections/all/products/arroz-basmati-tilda	Arroz Basmati  	5.50
https://desigourmet.es/collections/all/products/copy-of-arroz-basmati-con-lentejas-basmati-rice-with-lentils-dal-khichdi-60g-haldiram	Arroz basmati cocinado con lentejas ligeramente especiadas | Basmati Rice cooked with mildly spiced lentils | Dal Khichdi 60g Haldiram (B.B. 08/12/2022)	1.25
https://desigourmet.es/collections/all/products/arroz-superior-basmati-heer-heer-superior-basmati-rice	Arroz Basmati Extra Largo |  Basmati Rice Extra Long 5kg 	17.50
https://desigourmet.es/collections/all/products/copy-of-arroz-basmati-nayab-20kg	Arroz Basmati Extra Largo | Basmati Premium Rice XL - 5kg 	14.90
https://desigourmet.es/collections/all/products/copy-of-arroz-basmati-extra-largo-premium-premium-basmati-rice-xxl-granel-loose-1kg	Arroz Basmati Extra Largo | Basmati Rice XXL (Granel /Loose) -1kg	3.50
https://desigourmet.es/collections/all/products/arroz-basmati-tilda-tilda-basmati-rice-5kg	Arroz Basmati |  Basmati Rice 5kg 	19.99
https://desigourmet.es/collections/all/products/arroz-basmati-cristal-basmati-rice-5kg-cristal	Arroz Basmati |  Basmati Rice XL 5kg 	15.90
https://desigourmet.es/collections/all/products/arroz-de-matta-matta-rice-anjappar-1kg-granel	Arroz de Matta | Matta Rice (Granel/Loose) 1kg TRS	3.90
https://desigourmet.es/collections/all/products/arroz-de-matta-matta-rice-trs-10kg	Arroz de Matta | Matta Rice 10kg TRS	24.99
https://desigourmet.es/collections/all/products/arroz-de-matta-matta-rice-trs-5kg	Arroz de Matta |Matta Rice (Granel/Loose)  5kg TRS	13.50
https://desigourmet.es/collections/all/products/arroz-especiado-con-verduras-vegetable-pulao	Arroz especiado con Verduras | Vegetable Pulao 200g Haldiram	2.50
https://desigourmet.es/collections/all/products/arroz-inflado-puffed-rice-mamra-bhel-rajkumar-250g	Arroz Inflado | Puffed Rice | Mamra Bhel 200g Kings	2.50
https://desigourmet.es/collections/all/products/arroz-inflado-puffed-rice-mamra-bhel-trs-200g	Arroz Inflado | Puffed Rice | Mamra Bhel 200g TRS	2.65
https://desigourmet.es/collections/all/products/arroz-inflado-puffed-rice-mamra-bhel	Arroz Inflado | Puffed Rice | Mamra Bhel 400g TRS	5.25
https://desigourmet.es/collections/all/products/arroz-integral-basmati-brown-basmati-rice	Arroz integral Basmati |  Brown Basmati Rice 1kg Daawat	3.90
https://desigourmet.es/collections/all/products/arroz-precocido-ponni-anjappar-ponni-boiled-rice-5kg-loose-packing	Arroz precocido Ponni | Ponni Boiled Rice (Granel /Loose) 5kg Anjappar	14.90
https://desigourmet.es/collections/all/products/arroz-precocido-ponni-ponni-boiled-rice-1kg	Arroz precocido Ponni | Ponni Boiled Rice (Granel/Loose) 1kg	3.90
https://desigourmet.es/collections/all/products/arroz-precocido-ponni-ponni-boiled-rice-5kg-laila	Arroz precocido Ponni | Ponni Boiled Rice 5kg Laila	15.90
https://desigourmet.es/collections/all/products/sona-masoori-rice	Arroz Sona Masoori | Sona Masoori Rice (Granel/Loose) 1kg	3.90
https://desigourmet.es/collections/all/products/asafetida	Asafetida | Asafoetida | Hing 50g Vandevi	2.99
https://desigourmet.es/collections/all/products/azafran-y-sandalo-en-polvo-ashthagandha-sandalwood-kesar-tikka-ashthgandha-tikka-125g	Azafran y Sandalo en Polvo | Ashthagandha (Sandalwood+ Kesar) Tika | Ashthgandha Tika 75g	4.90
https://desigourmet.es/collections/all/products/azafran-sandalo	Azafran y Sandalo en Polvo | Saffron Sandalwood Powder | Kesar Chandan Powder 50g	3.90
https://desigourmet.es/collections/all/products/copy-of-azafran-saffron-strands-2g-bealar	Azafran | Saffron strands 0.50g Bealar	2.90
https://desigourmet.es/collections/all/products/azafran-saffron-strands	Azafran | Saffron strands 0.5g	2.50
https://desigourmet.es/collections/all/products/azafran-saffron-strands-1g	Azafran | Saffron strands 1g	3.99
https://desigourmet.es/collections/all/products/azafran-saffron-strands-1g-bealar	Azafran | Saffron strands 1g Bealar	4.50
https://desigourmet.es/collections/all/products/azafran-saffron-strands-2g	Azafran | Saffron strands 2g	6.99
https://desigourmet.es/collections/all/products/azafran-saffron-strands-2g-bealar	Azafran | Saffron strands 2g Bealar	7.50
https://desigourmet.es/collections/all/products/azafran-saffron-strands-5g-bealar	Azafran | Saffron strands 5g Bealar	15.99
https://desigourmet.es/collections/all/products/sugar-candy-east-end-100g	Azúcar de Caña | Sugar candy 100g AP	1.90
https://desigourmet.es/collections/all/products/azucar-de-cana-cane-sugar-or-jaggery-goor	Azúcar Integral Puro de Caña (Panela) | Cane Sugar Jaggery | Goor 500g	2.99
https://desigourmet.es/collections/all/products/azucar-integral-puro-de-cana-en-cubos-panela-cane-sugar-jaggery-cubes-goor-cubes-schani-500g	Azúcar Integral Puro de Caña en cubos (Panela) | Cane Sugar Jaggery Cubes | Schani Goor Cubes 500g	2.50
https://desigourmet.es/collections/all/products/azucar-integral-puro-de-cana-molido-panela-cane-sugar-jaggery-powder-goor-powder-schani-500g	Azúcar Integral Puro de Caña molido (Panela) | Cane Sugar Jaggery Powder | Goor Powder Schani 500g	2.99
https://desigourmet.es/collections/all/products/himalaya-lip-balm	Balsamo labial de Germen de Trigo y Zanahoria | Lip Balm Wheatgerm oil & Carrot oil Himalaya 5g	1.90
https://desigourmet.es/collections/all/products/gelatina-de-mango-aam-papad-mango-bar-200g-top-op	Barra de Mango | Aam Papad (Mango Bar) 200g Top op	3.50
https://desigourmet.es/collections/all/products/limca	Bebida de Limón | Limca 300ml	1.90
https://desigourmet.es/collections/all/products/thumps-up-200ml	Bebida de Refresco | Thums Up 300ml	1.90
https://desigourmet.es/collections/all/products/bebida-de-sabores-frutales-mogu-mogu-black-current-flavored-drink-320ml	Bebida de sabores frutales | Mogu Mogu Black Current Flavored Drink 320ml	1.50
https://desigourmet.es/collections/all/products/bebida-de-sabores-frutales-mogu-mogu-coco-flavored-drink-320ml	Bebida de sabores frutales | Mogu Mogu Coconut Flavored Drink 320ml	1.50
https://desigourmet.es/collections/all/products/bebida-de-sabores-frutales-mogu-mogu-guava-flavored-drink-320ml	Bebida de sabores frutales | Mogu Mogu Guava Flavored Drink 320ml	1.50
https://desigourmet.es/collections/all/products/bebida-de-sabores-frutales-mogu-mogu-flavored-drink-320ml	Bebida de sabores frutales | Mogu Mogu Mango Flavored Drink 320ml	1.50
https://desigourmet.es/collections/all/products/copy-of-bebida-de-sabores-frutales-mogu-mogu-grapes-flavored-drink-320ml	Bebida de sabores frutales | Mogu Mogu Melon Flavored Drink 320ml	1.50
https://desigourmet.es/collections/all/products/bicarbonate-de-sodio-sodium-bicarbonate-soda-100g-weikfield	Bicarbonate De Sodio | Sodium Bicarbonate (Soda) 100g Weikfield	1.90
https://desigourmet.es/collections/all/products/bindi-rojo-intenso-shilpa-bindi-deep-red-size-2-5-dermatologically-tested	Bindi Rojo Intenso | Shilpa bindi deep red - Size 2.5 Dermatologically Tested	1.50
https://desigourmet.es/collections/all/products/bindi-rojo-intenso-shilpa-bindi-deep-red-size-3-dermatologically-tested	Bindi Rojo Intenso | Shilpa bindi deep red - Size 3 Dermatologically Tested	1.50
https://desigourmet.es/collections/all/products/bindi-rojo-intenso-shilpa-bindi-deep-red-size-4-dermatologically-tested	Bindi Rojo Intenso | Shilpa bindi deep red - Size 4 Dermatologically Tested	1.50
https://desigourmet.es/collections/all/products/bizcocho-tostado-i-cake-rusk	Biscote Tostado Hinojo I Crown Cake Rusk with fennel seeds 850g KCB	6.25
https://desigourmet.es/collections/all/products/copy-of-biscote-tostado-mario-milk-rusk-300g	Biscote Tostado | Milk Rusk 600g  Mario	4.90
https://desigourmet.es/collections/all/products/blanqueador-de-hierbas-olivia-herb-bleach-15g	Blanqueador de hierbas | Olivia Herb Bleach 15g	3.90
https://desigourmet.es/collections/all/products/blanqueador-de-hierbas-insta-glow-olivia-herb-bleach-8g	Blanqueador de hierbas | Olivia Herb Bleach 7.5g	2.90
https://desigourmet.es/collections/all/products/blanqueador-de-hierbas-insta-glow-vlcc-natural-insta-glow-gold-herbal-bleach-27g	Blanqueador de Oro de hierbas Insta Glow | VLCC Natural Insta Glow Gold Herbal Bleach 60g	5.90
https://desigourmet.es/collections/all/products/acero-inoxidable-bol-red-decorative-bowl-for-pooja-thali-small-katori	Bol decorativo para Pooja | Red Decorative Bowl for Pooja (Small Katori) 1pcs.	2.00
https://desigourmet.es/collections/all/products/dahi-bhalla-dahi-vada-300g-30pcs-bikaji	Bolas con pulsos y con especias indias | Dahi Vada | Frozen Bhalla for Dahi Bhalla 300g/20pcs. Bikaji	4.90
https://desigourmet.es/collections/all/products/copy-of-bolas-de-harina-trigo-y-de-frijol-negro-especiadas-spiced-flour-balls-punjabi-wadi-400g-pachranga	Bolas de harina trigo y de Frijol negro especiadas | Spiced Flour Balls | Punjabi Wadi 400g Pachranga	5.90
https://desigourmet.es/collections/all/products/bolas-de-verduras-fritas-fried-vegetables-balls-manchurian-balls-300g-bikaji	Bolas de Verduras Fritas | Fried Vegetable Balls | Manchurian Balls 300g/15pcs. Bikaji	4.90
https://desigourmet.es/collections/all/products/bowl-for-pooja	Bowl For Pooja	2.90
https://desigourmet.es/collections/all/products/copy-of-cacahuete-crudo-piel-roja-trs-redskin-peanuts-375g	Cacahuete Crudo (Piel roja) | Redskin Peanuts 375g Schani	2.75
https://desigourmet.es/collections/all/products/cacerola-de-acero-termo-apta-para-microondas-modware-microwave-safe-thermo-steel-casserole	Cacerola de acero termo apta para microondas | Modware Microwave Safe Thermo Steel Casserole	15.00
https://desigourmet.es/collections/all/products/cafe-coffee-loose-granel-50g	Cafe | Coffee (Granel /Loose) 50g	1.90
https://desigourmet.es/collections/all/products/royal-oxidised-maroon-round-box-with-floral-design	Caja Redonda Royal Oxidado Granate con Diseño Floral | Royal Oxidised Maroon Round box with Floral Design	60.00
https://desigourmet.es/collections/all/products/calabaza-puntiaguda-parwal-vadilal-312g	Calabaza puntiaguda |  Parwal (Pointed gourd slices ) 312g Vadilal	2.99
https://desigourmet.es/collections/all/products/camphor-evaporated-for-pooja-20tablets-in-box	Camphor Evaporated for Pooja 20tablets in box	1.90
https://desigourmet.es/collections/all/products/camphor-evaporated-for-pooja-3g	Camphor Evaporated for Pooja 3g	0.75
https://desigourmet.es/collections/all/products/camphor-evaporated-for-pooja-3g-pauch	Camphor Evaporated for Pooja 3g pauch	1.00
https://desigourmet.es/collections/all/products/kafur-evaporated	Camphor Evaporated for Pooja 4g	0.50
https://desigourmet.es/collections/all/products/canela-en-polvo-cinnamon-powder-100g-top-op	Canela en Polvo | Cinnamon Powder 100g Top op	2.50
https://desigourmet.es/collections/all/products/canela-en-rama-cinnamon-sticks-50g-top-op	Canela en rama | Cinnamon Sticks 50g Top op	2.25
https://desigourmet.es/collections/all/products/canela	Canela en rama | Cinnamon Sticks | Casia bark 125g Natco	3.99
https://desigourmet.es/collections/all/products/caramelo-de-mango-mango-bite-333g-parle	Caramelo de mango | Mango Bite 333g Parle	4.50
https://desigourmet.es/collections/all/products/cardamomo-negro-black-cardamon-trs-50g	Cardamomo Negro | Cardamom Black 50g TRS	3.90
https://desigourmet.es/collections/all/products/cardamomo-verde-cardamom-green-200g-natco	Cardamomo Verde | Cardamom Green 100g Schani	5.90
https://desigourmet.es/collections/all/products/cardamomo-verde-green-cardamom-trs-50g	Cardamomo Verde | Cardamom Green 50g TRS	4.99
https://desigourmet.es/collections/all/products/cardamomo-verde-green-cardamom-natco-50g	Cardamomo Verde | Green Cardamom 50g Schani	3.50
https://desigourmet.es/collections/all/products/barley-whole	Cebada en grano | Barley Whole (Granel/Loose ) 50g	1.00
https://desigourmet.es/collections/all/products/cebada-en-grano-pearl-barley-500g	Cebada en grano | Pearl Barley 500g Top op	2.50
https://desigourmet.es/collections/all/products/cebollas-fritas-fried-onions-400g-trs	Cebollas Fritas Crujientes | Crisp Fried Onions 400g TRS	3.25
https://desigourmet.es/collections/all/products/cerveza-cobra	Cerveza 	2.25
https://desigourmet.es/collections/all/products/cerveza-kingfisher	Cerveza 	2.25
https://desigourmet.es/collections/all/products/copy-of-cesta-de-regalo-de-lujo-colorida-colourful-fancy-gift-basket-with-20cm-in-diameter	Cesta de regalo con productos | Colourful Fancy Gift Basket	30.00
https://desigourmet.es/collections/all/products/cesta-de-regalo-de-lujo-colorida-colourful-fancy-gift-basket	Cesta de regalo con productos | Colourful Fancy Gift Basket	40.00
https://desigourmet.es/collections/all/products/cesta-de-regalo-de-lujo-colorida-colourful-fancy-gift-basket-1	Cesta de regalo con productos | Colourful Fancy Gift Basket	50.00
https://desigourmet.es/collections/all/products/cesta-de-regalo-de-lujo-dorada-colourful-fancy-gift-basket-with-20cm-in-diameter	Cesta de regalo de lujo colorida | Colourful Fancy Gift Basket with 20cm in diameter	15.00
https://desigourmet.es/collections/all/products/cesta-de-regalo-de-lujo-colorida-colourful-hardboard-basket-with-25cm-in-diameter	Cesta de regalo de lujo colorida | Colourful Hardboard Gift Basket with 25cm in diameter	18.00
https://desigourmet.es/collections/all/products/cesta-de-regalo-de-lujo-dorada-golden-fancy-gift-basket	Cesta de regalo de lujo dorada | Golden Fancy Gift Basket with 19cm in diameter	7.50
https://desigourmet.es/collections/all/products/cesta-de-regalo-de-lujo-colorida-golden-basket-with-34cm-in-diameter	Cesta de regalo decorativa dorada | Golden Decoratiove Gift Basket with 34cm in diameter	20.00
https://desigourmet.es/collections/all/products/vatika-almond-honey-moisture-treatment-shampoo-200ml	Champu Almendra | Almond (Moisturizing) Shampoo 200ml	4.90
https://desigourmet.es/collections/all/products/champu-para-anticaspa-limon-dandruff-guard-refreshing-lemon-shampoo-400ml	Champu para anticaspa Limon | Dandruff Guard Refreshing Lemon Shampoo 400ml Vatika	7.90
https://desigourmet.es/collections/all/products/cachemira-en-polvo-kashmiri-chilli-powder-kashmiri-mirch-100g-trs	Chile de Cachemira en polvo | Kashmiri Chilli Powder | Kashmiri Mirch 100g TRS	2.25
https://desigourmet.es/collections/all/products/kashmiri-mirch	Chile De Cachemira en polvo | Red Chilli Powder | Kashmiri Mirch 100g MDH	2.50
https://desigourmet.es/collections/all/products/chile-de-polvo-chilli-powder-thikhalal-chilli-powder-100g-everest	Chile de polvo | Chilli Powder | Tikhalal Chilli Powder 100g Everest	2.25
https://desigourmet.es/collections/all/products/chile-de-polvo-chilli-powder-thikhalal-chilli-powder-500g-everest	Chile de polvo | Chilli Powder | Tikhalal Chilli Powder 500g Everest	5.50
https://desigourmet.es/collections/all/products/chile-en-polvo-extra-picante-extra-hot-chilli-powder-100g-schani	Chile en Polvo extra picante | Extra Hot Chilli Powder 100g Schani	1.99
https://desigourmet.es/collections/all/products/chile-en-polvo-extra-picante-extra-hot-chilli-powder-1kg-trs	Chile en Polvo extra picante | Extra Hot Chilli Powder 1kg TRS	13.90
https://desigourmet.es/collections/all/products/copy-of-chile-en-polvo-extra-picante-extra-hot-chilli-powder-400g-natco	Chile en Polvo extra picante | Extra Hot Chilli Powder 400g Schani	4.50
https://desigourmet.es/collections/all/products/copy-of-chile-en-polvo-chilli-powder-natco	Chile en Polvo | Chilli Powder 1kg Natco	13.90
https://desigourmet.es/collections/all/products/chiles-rojos-enteros-extra-picantes-chilli-whole-extra-hot	Chile Ojo de pájaro | Bird's Eye Chilli 50g Natco	2.25
https://desigourmet.es/collections/all/products/chile-triturado-crushed-chilli-100g-a-b	Chile Triturado | Crushed Chilli 100g a.b	1.99
https://desigourmet.es/collections/all/products/chile-triturado-crushed-chilli-100g-schani	Chile Triturado | Crushed Chilli 100g Schani	1.99
https://desigourmet.es/collections/all/products/chile-triturado-crushed-chilli-250g-schani	Chile Triturado | Crushed Chilli 250g Schani	3.50
https://desigourmet.es/collections/all/products/chiles-rojos-enteros-kashmiri-red-chilli-whole-stem-cut-100g-schani	Chiles Rojos Enteros | Red Long Chilli Whole (with stem) 100g Schani	3.99
https://desigourmet.es/collections/all/products/copy-of-delhi-chaat-chutney-delhi-chaat-chutney-370g-mothers-recipe	Chutney de All in one | All in one Chutney 250g Mother's recipe	3.99
https://desigourmet.es/collections/all/products/chutney-de-bhelpuri-bhelpuri-chutney-370g-mothers-recipe	Chutney de bhelpuri | Bhelpuri Chutney 370g Mother's recipe	3.99
https://desigourmet.es/collections/all/products/copy-of-salsa-de-mango-dulze-patak-pataks-sweet-mango-chutney	Chutney de mango dulce |  Sweet Mango Chutney 340g Patak's	4.50
https://desigourmet.es/collections/all/products/copy-salsa-de-mango-patak-patak-hot-mango-chutney	Chutney de mango picante | Mango Chutney Hot 340g Patak's	4.50
https://desigourmet.es/collections/all/products/copy-of-chutney-de-mango-mango-chutney-5kg-schani	Chutney de mango | Mango chutney 5kg Natco	20.90
https://desigourmet.es/collections/all/products/cilantro-en-polvo-coriander-ground-100g-everest	Cilantro en Polvo | Coriander Ground 100g Everest	1.99
https://desigourmet.es/collections/all/products/schani-cilantro-en-polvo-schani-ground-coriander	Cilantro en Polvo | Coriander Powder 100g Schani	1.99
https://desigourmet.es/collections/all/products/copy-of-cilantro-en-polvo-coriander-ground-500g-everest	Cilantro en Polvo | Coriander Powder 1kg Everest	7.99
https://desigourmet.es/collections/all/products/cilantro-en-polvo-ground-coriander-schani-400g	Cilantro en Polvo | Coriander Powder 400g Schani	4.25
https://desigourmet.es/collections/all/products/cardamomo-en-polvo-clove-powder-trs-50g	Clavo en polvo | Clove Powder 50g TRS	3.50
https://desigourmet.es/collections/all/products/clavos-cloves-50g-trs	Clavos | Cloves 50g TRS	2.90
https://desigourmet.es/collections/all/products/copper-sigdi-for-2-portion	Cobre Sigdi con soporte de latón | Anghithi | Copper Sigdi with brass bracket for 2 Portion	20.00
https://desigourmet.es/collections/all/products/vadilal-tindora-ivy-gourd-slices-312g	Coccinia grandis  | Tindora (Ivy Gourd Slices) 312g Vadilal	2.99
https://desigourmet.es/collections/all/products/copy-of-coco-rallado-grated-coconut-nariyal-312g-vadilal	Coco (rallado) | Grated Coconut Nariyal 312g Vadilal	4.50
https://desigourmet.es/collections/all/products/coconut-shredded-vadilal-312g	Coco (rallado) | Shredded  Coconut (Nariyal) 312g Vadilal	4.50
https://desigourmet.es/collections/all/products/coco-rallado-fino-fine-desiccated-coconut-1kg	Coco Rallado | Coconut Desiccated Medium 1kg	9.90
https://desigourmet.es/collections/all/products/coco-rallado-desiccated-coconut-loose-granel-200g	Coco Rallado | Desiccated Coconut (Granel /Loose) 200g	1.99
https://desigourmet.es/collections/all/products/copy-of-coco-seco-dry-coconut-coconut-halves-trs-250g	Coco seco | Dry Coconut | Coconut Halves 250g Kings	3.25
https://desigourmet.es/collections/all/products/coco-seco-dry-whole-coconut-coconut-whole-250g-kings	Coco seco | Dry Whole Coconut | Coconut Whole 250g Kings	2.99
https://desigourmet.es/collections/all/products/karwa-chauth-puja-channi-for-chand-set-steel	Colador de polvos de harina o especias de acero inoxidable tamiz de malla fina | Stainless Steel Flour or Spice Powders Strainer Fine Mesh Sieve Chalni	6.90
https://desigourmet.es/collections/all/products/collar-haar-mala-pooja-1	Collar | Golden pearl decorated Mala for small Idol Murti (9cm)	1.50
https://desigourmet.es/collections/all/products/colorante-en-polvo-amarillo-powder-yellow-food-colour-natco-25g	Colorante Amarillo en Polvo  | Yellow Food Colour powder 25g Natco	1.90
https://desigourmet.es/collections/all/products/colorante-en-polvo-amarillo-powder-yellow-food-colour	Colorante en Polvo Amarillo | Powder Yellow Food Colour 25g TRS	1.90
https://desigourmet.es/collections/all/products/colorante-naranja	Colorante Naranja en Polvo  | Orange Food Colour Powder 25g TRS	1.90
https://desigourmet.es/collections/all/products/copy-of-colorante-en-polvo-naranja-powder-orange-food-colour	Colorante Naranja en Polvo  | Orange Food Colour Powder 500g TRS	7.99
https://desigourmet.es/collections/all/products/colorante-rojo	Colorante Rojo en Polvo  |  Red Food Colour  Powder 25g TRS	1.90
https://desigourmet.es/collections/all/products/copy-of-colorante-en-polvo-rojo-powder-red-food-colour-25g	Colorante Rojo en Polvo | Red Food Colour Powder 500g TRS	7.99
https://desigourmet.es/collections/all/products/colorante-en-polvo-verde-powder-green-food-colour	Colorante verde en Polvo  | Green Food Colour Powder 25g TRS	1.90
https://desigourmet.es/collections/all/products/schani-comino-en-polvo-schani-cumin-powder	Comino en Polvo | Cumin Powder 100g Schani	1.99
https://desigourmet.es/collections/all/products/comino-en-polvo-cumin-powder-schani-1kg	Comino en Polvo | Cumin Powder 1kg Schani	8.95
https://desigourmet.es/collections/all/products/comino-en-polvo-cumin-powder-trs-1kg	Comino en Polvo | Cumin Powder 1kg TRS	8.99
https://desigourmet.es/collections/all/products/copy-of-comino-en-polvo-cumin-powder-400g-schani	Comino en Polvo | Cumin Powder 400g A.B.	4.99
https://desigourmet.es/collections/all/products/comino-en-polvo-trs-cumin-powder-400g	Comino en Polvo | Cumin Powder 400g TRS	4.99
https://desigourmet.es/collections/all/products/copos-de-arroz-rojo-red-rice-flakes-500g-kings	Copos de Arroz rojo | Red Rice Flakes 500g Kings	2.90
https://desigourmet.es/collections/all/products/copos-de-arroz-rice-flakes-poha-1kg-patanjali	Copos de Arroz | Rice flakes | Poha 1kg Patanjali	4.50
https://desigourmet.es/collections/all/products/copos-de-arroz-rice-flakes-poha-trs-1kg	Copos de Arroz | Rice flakes | Poha 1kg TRS	4.50
https://desigourmet.es/collections/all/products/copos-de-arroz-rice-flakes-poha-500g-patanjali	Copos de Arroz | Rice flakes | Poha 500g Patanjali	2.25
https://desigourmet.es/collections/all/products/jackfruit-cuts-vadilal-312g	Cortes de Jaca | Jackfruit Cuts (Kathal)  312g Vadilal	3.90
https://desigourmet.es/collections/all/products/cous-cous-cous-cous-moyen	Cous Cous  | Cous Cous Moyen 1kg	3.50
https://desigourmet.es/collections/all/products/crema-antiseptica-ayurvedica-boroline-boroline-antiseptic-ayurvedic-cream	Crema antiséptica ayurvédica Boroline | Boroline Antiseptic Ayurvedic Cream 20g	4.90
https://desigourmet.es/collections/all/products/crema-herbal-de-pies-foot-care-cream-himalaya-herbals	Crema Herbal de Pies | Foot Care Cream Herbals 50g Himalaya	4.90
https://desigourmet.es/collections/all/products/crema-iluminadora-y-reparadora-para-el-rostro-fair-lovely-advanced-skin-cream	Crema iluminadora y reparadora para el rostro | Glow & Lovely Advanced Skin Cream 80g	4.99
https://desigourmet.es/collections/all/products/himalaya-herbal-fairness-cream	Crema para La piel de Cúrcuma con Aceite de Sándalo | Vicco Turmeric Skin Cream with Sandalwood Oil 15g	4.99
https://desigourmet.es/collections/all/products/empanadillas-de-patata-mung-dal-khasta-kachori-320g	Crujiente y escamoso Kachori con lentejas | Mung dal khasta Kachori 320g/8pcs. Bikaji	7.99
https://desigourmet.es/collections/all/products/copper-steel-balti	Cubo balti acero cobre, para servir platos | Copper steel balti for 2 portion	20.00
https://desigourmet.es/collections/all/products/cuerdas-de-guirnalda-de-flores-artificiales-mogra-artificial-jazmin-con-guirnalda-de-flores-rojas-toran-ladi-para-decoracion-del-hogar-1-strings-appxo-5-ft	Cuerdas de Guirnalda de Flores Artificiales | Mogra artificial jazmín con guirnalda de flores rojas Toran ladi para decoración del hogar. (1 Strings, appxo.5 ft)	4.50
https://desigourmet.es/collections/all/products/cuerdas-de-guirnalda-de-flores-artificiales-phool-mala-artificial-marigold-green-1pcs	Cuerdas de Guirnalda de Flores Artificiales | Phool Mala Artificial Marigold (Green) 1pcs.	2.50
https://desigourmet.es/collections/all/products/cuerdas-de-guirnalda-de-flores-artificiales-phool-mala-artificial-marigold-light-orange-1pcs	Cuerdas de Guirnalda de Flores Artificiales | Phool Mala Artificial Marigold (Light Orange) 1pcs.	2.50
https://desigourmet.es/collections/all/products/copy-of-cuerdas-de-guirnalda-de-flores-artificiales-phool-mala-artificial-marigold-red-1pcs	Cuerdas de Guirnalda de Flores Artificiales | Phool Mala Artificial Marigold (Orange) 1pcs.	2.50
https://desigourmet.es/collections/all/products/cuerdas-de-guirnalda-de-flores-artificiales-phool-mala-artificial-marigold-purple-1pcs	Cuerdas de Guirnalda de Flores Artificiales | Phool Mala Artificial Marigold (Purple) 1pcs.	2.50
https://desigourmet.es/collections/all/products/cuerdas-de-guirnalda-de-flores-artificiales-phool-mala-artificial-marigold-red-1pcs	Cuerdas de Guirnalda de Flores Artificiales | Phool Mala Artificial Marigold (Red) 1pcs.	2.50
https://desigourmet.es/collections/all/products/copy-of-cuerdas-de-guirnalda-de-flores-artificiales-phool-mala-artificial-marigold-white-1pcs	Cuerdas de Guirnalda de Flores Artificiales | Phool Mala Artificial Marigold (White) 1pcs.	2.50
https://desigourmet.es/collections/all/products/guirnalda-mediana-de-flores-artificiales-para-idolo-mala-para-dios-phool-mala-artificial-marigold-yellow-1pcs	Cuerdas de Guirnalda de Flores Artificiales | Phool Mala Artificial Marigold (Yellow) 1pcs.	2.50
https://desigourmet.es/collections/all/products/curcuma-fresca-raiz-organic-turmeric-vadilal-312g	Cúrcuma (Raiz) | Turmeric 312g Vadilal	3.50
https://desigourmet.es/collections/all/products/schani-curcuma-en-polvo-schani-turmeric-powder	Curcuma en Polvo | Turmeric Powder 100g Schani	1.99
https://desigourmet.es/collections/all/products/curcuma-en-polvo-turmeric-powder-schani-1kg	Curcuma en Polvo | Turmeric Powder 1kg Schani	6.90
https://desigourmet.es/collections/all/products/copy-of-curcuma-en-polvo-turmeric-powder-400g-trs	Curcuma en Polvo | Turmeric Powder 400g ab.	4.50
https://desigourmet.es/collections/all/products/curcuma-en-polvo-turmeric-powder-schani-400g	Curcuma en Polvo | Turmeric Powder 400g Schani	4.50
https://desigourmet.es/collections/all/products/curcuma-en-polvo-turmeric-powder-trs-400g	Curcuma en Polvo | Turmeric Powder 400g TRS	4.50
https://desigourmet.es/collections/all/products/curcuma-en-polvo-turmeric-powder-500g-everest	Curcuma en Polvo | Turmeric Powder 500g Everest	4.99
https://desigourmet.es/collections/all/products/curry-de-judias-rojas-rajma-rasela	Curry de Judias Rojas | Rajma Raseela 300g Haldiram	2.25
https://desigourmet.es/collections/all/products/curry-de-madras-picante-hot-madras-curry-powder-100g	Curry De Madras picante | Madras Curry Powder Hot 100g Schani	1.99
https://desigourmet.es/collections/all/products/curry-de-madras-picante-hot-madras-curry-powder-trs-100g	Curry De Madras picante | Madras Curry Powder Hot 100g TRS	1.99
https://desigourmet.es/collections/all/products/copy-of-curry-de-madras-madras-curry-powder-schani	Curry De Madras suave | Madras Curry Powder Mild 100g Schani	1.99
https://desigourmet.es/collections/all/products/curry-de-madras-suave-madras-curry-powder-mild-1kg-schani	Curry De Madras suave | Madras Curry Powder Mild 1kg Schani	7.90
https://desigourmet.es/collections/all/products/curry-de-madras-suave-madras-curry-powder-mild-400g-schani	Curry De Madras suave | Madras Curry Powder Mild 400g Schani	4.25
https://desigourmet.es/collections/all/products/curry-en-hojas-secas-dry-curry-leaves-trs-30g	Curry en hojas secas | Dry Curry Leaves 30g TRS	2.90
https://desigourmet.es/collections/all/products/copy-of-formula-ayurvedica-rejuvenecedora-chyawanprash-ayurvedic-rejuvenator-chyawanprash-dabur-1kg	Dabur Chyawanprash | Dabur Chyawanprash 1kg	17.50
https://desigourmet.es/collections/all/products/copy-of-formula-ayurvedica-rejuvenecedora-chyawanprash-ayurvedic-rejuvenator-chyawanprash-dabur	Dabur Chyawanprash | Dabur Chyawanprash 250g	5.90
https://desigourmet.es/collections/all/products/dabur-chyawanprash	Dabur Chyawanprash | Dabur Chyawanprash 500g	9.50
https://desigourmet.es/collections/all/products/datiles-desecados-dried-dates-chowahara	Datiles desecados | Dried Dates | Chowahara 350g TRS	2.50
https://desigourmet.es/collections/all/products/decoraciones-de-piso-rangoli-acrilico-rangoli-floor-decorations-acrylic-shape-with-studded-stones-and-sequins-for-traditional-festive-1	Decoraciones de piso Rangoli Acrílico | Rangoli Floor Decorations Acrylic Shape with Studded Stones and Sequins for Traditional Festive (6 inch diameter)	6.90
https://desigourmet.es/collections/all/products/decoraciones-de-piso-rangoli-acrilico-rangoli-floor-decorations-acrylic-shape-with-studded-stones-and-sequins-for-traditional-festive	Decoraciones de piso Rangoli Acrílico | Rangoli Floor Decorations Acrylic Shape with Studded Stones and Sequins for Traditional Festive (9.8 inch diameter)	10.50
https://desigourmet.es/collections/all/products/oil-deepam	Diya (lámpara) Acero Inoxidable | 7-face Diya (Medium) Stainless Steel	3.90
https://desigourmet.es/collections/all/products/pooja-diya-steel-b	Diya (lámpara) Acero Inoxidable| 7-face Diya (Big) Stainless Steel	3.90
https://desigourmet.es/collections/all/products/diya-lampara-de-arcilla-pooja-decorated-diwali-mitti-diya-set-of-6pcs	Diya (lámpara) de arcilla | Pooja Decorated Diwali Mitti Diya set of 6pcs.	6.90
https://desigourmet.es/collections/all/products/diya-lampara-de-arcilla-pooja-large-clay-mitti-diya-1pcs	Diya (lámpara) de arcilla | Pooja Large Clay (Mitti) Diya 1pcs.	1.99
https://desigourmet.es/collections/all/products/diya-lampara-acero-inoxidable-copper-7-face-diya-with-handle-big	Diya (lámpara) de cobre | Copper 5-face Diya with handle (Big)	6.90
https://desigourmet.es/collections/all/products/acero-inoxidable-diya-lampara-decorative-red-stainless-steel-diya-small	Diya (lámpara) decorativo para Pooja | Red Decorative Stainless Steel Diya (Small)	1.50
https://desigourmet.es/collections/all/products/dolor-balsamo-fuerte-himalaya-pain-balm-strong-himalaya-10g	Dolor Bálsamo Fuerte Himalaya | Pain Balm Strong 10g Himalaya	5.90
https://desigourmet.es/collections/all/products/dolor-balsamo-fuerte-pain-balm-strong-wild-tiger-18g	Dolor Bálsamo Fuerte | Pain Tiger Balm Strong 18g	5.90
https://desigourmet.es/collections/all/products/dolor-balsamo-fuerte-himalaya-pain-balm-strong-himalaya-10g-1	Dolor Bálsamo Fuerte | Zandu Pain Balm Ultra Powder 8ml	5.90
https://desigourmet.es/collections/all/products/bolas-de-leche-frita-en-sirope-con-agua-de-rosas-gula-jamun	Dulce Bolas de leche frita en sirope con agua de rosas | Gulab Jamun 1kg Haldiram	7.99
https://desigourmet.es/collections/all/products/rasgulla	Dulce Buñuelos esponjosos de requeson Rasgula de rosas | Rasgulla Dessert 1kg Haldiram	7.25
https://desigourmet.es/collections/all/products/motichoor-ladoo	Dulce Motichoor Ladoo | Motichoor Ladoo 300g Haldiram	8.50
https://desigourmet.es/collections/all/products/copy-of-bunuelos-esponjosos-de-requeson-rasgula-de-rosas-rasgulla-dessert	Dulce requeson en crema de leche con cardamomo y pistacho | Rasmalai Dessert 1kg Haldiram	7.50
https://desigourmet.es/collections/all/products/congelada-dulce-rollo-de-anacardo-y-pistachos-frozen-kaju-roll-340g-bikaji	Dulce Rollo de Anacardo y pistachos | Kaju Roll 340g Bikaji	9.99
https://desigourmet.es/collections/all/products/dulce-turron-de-cacahuete-y-jaggry-rajgira-peanut-chikki-90g-shreeji	Dulce Turrón de Amaranto y Cacahuete | Chikki Rajgira & Peanut 90g Shreeji	1.50
https://desigourmet.es/collections/all/products/dulce-turron-de-cacahuetes-chikki-peanut-90g-shreeji	Dulce Turrón de Cacahuetes | Chikki Peanut 90g Shreeji	1.50
https://desigourmet.es/collections/all/products/dulce-turron-de-sesamo-sesame-chikki-90g-shreeji	Dulce Turron De Sésamo | Chikki Sesame 90g Shreeji	1.50
https://desigourmet.es/collections/all/products/aloo-tikki-vadilal-400g	Empanadas de patata | Aloo Tikki 400g/10pcs. Vadilal	4.90
https://desigourmet.es/collections/all/products/mumbai-batata-vada-400g-goeld	Empanadillas de patata | Mumbai Batata Vada 400g Goeld	4.90
https://desigourmet.es/collections/all/products/esencia-de-vainilla	Esencia de Vainilla | Vanilla Essence 28ml TRS	1.90
https://desigourmet.es/collections/all/products/especia-de-condimento-de-encurtidos-pickle-seasoning-spice-achar-masala-500g-top-op	Especia de condimento de encurtidos | Pickle Seasoning Spice | Pickle (Achar) Masala 100g Top op	2.50
https://desigourmet.es/collections/all/products/maggi-masala-magic	Especias Mixta | Masala Magic Maggi 6g	0.75
https://desigourmet.es/collections/all/products/especias-para-adobados-national-kofta-curry-masala-100g	Especias para  Adobados | Kofta Curry Masala 100g National	1.99
https://desigourmet.es/collections/all/products/especias-para-adobados-national-tikka-botti-masala-100g	Especias para  Adobados | Tikka Boti Masala 100g National	1.99
https://desigourmet.es/collections/all/products/pani-puri-masala	Especias para aperitivos | Pani Puri Masala 100g MDH	2.25
